step,rollout/ep_len_mean,rollout/ep_rew_mean,time/fps,train/approx_kl,train/clip_fraction,train/clip_range,train/entropy_loss,train/explained_variance,train/learning_rate,train/loss,train/policy_gradient_loss,train/value_loss
2048,"[500.0, 500.0]","[-12920.7509765625, -14944.4140625]","[15.0, 11.0]",,,,,,,,,
4096,"[500.0, 500.0]","[-14661.30078125, -12386.1181640625]","[11.0, 14.0]","[0.0006879677530378103, 0.0062836771830916405]","[0.0, 0.01137695275247097]","[0.20000000298023224, 0.20000000298023224]","[-0.6929078102111816, -0.6899179816246033]","[0.00022858381271362305, -0.0003254413604736328]","[0.0003000000142492354, 0.0003000000142492354]","[116205.9921875, 101694.5703125]","[-0.0011492312187328935, -0.006751478649675846]","[251056.9375, 192408.34375]"
6144,"[500.0, 500.0]","[-11571.90234375, -14286.0732421875]","[14.0, 11.0]","[0.006332600489258766, 0.006591267418116331]","[0.015332031063735485, 0.0010742187732830644]","[0.20000000298023224, 0.20000000298023224]","[-0.6808862090110779, -0.6903543472290039]","[0.0029540061950683594, 0.0010532736778259277]","[0.0003000000142492354, 0.0003000000142492354]","[79658.3984375, 119802.3515625]","[-0.006193315610289574, -0.0032836426980793476]","[162836.515625, 234364.421875]"
8192,"[500.0, 500.0]","[-14153.1728515625, -11123.66015625]","[10.0, 13.0]","[0.012004729360342026, 0.0013701741117984056]","[0.031005859375, 0.0]","[0.20000000298023224, 0.20000000298023224]","[-0.6874641180038452, -0.6740013360977173]","[0.00035256147384643555, 0.0014156699180603027]","[0.0003000000142492354, 0.0003000000142492354]","[96566.15625, 54766.671875]","[-0.005664321593940258, -0.001147273345850408]","[205708.921875, 108582.03125]"
10240,"[500.0, 500.0]","[-10909.3759765625, -14175.1318359375]","[13.0, 10.0]","[0.004280201159417629, 0.0004548276774585247]","[0.010791015811264515, 0.0]","[0.20000000298023224, 0.20000000298023224]","[-0.6633078455924988, -0.6870737075805664]","[0.0012257695198059082, 0.00041162967681884766]","[0.0003000000142492354, 0.0003000000142492354]","[56491.4140625, 101243.0078125]","[-0.004118339158594608, -0.000704188656527549]","[110507.2890625, 219917.09375]"
12288,"[500.0, 500.0]","[-14132.8818359375, -10621.4208984375]","[10.0, 13.0]","[0.003865648526698351, 0.002648698166012764]","[0.0005371093866415322, 0.0020507811568677425]","[0.20000000298023224, 0.20000000298023224]","[-0.683737576007843, -0.6494662761688232]","[0.0005124807357788086, 0.000893712043762207]","[0.0003000000142492354, 0.0003000000142492354]","[112173.1171875, 51822.64453125]","[-0.002269293647259474, -0.0023360210470855236]","[227077.515625, 109337.3203125]"
14336,"[500.0, 500.0]","[-10372.7490234375, -13971.1484375]","[14.0, 9.0]","[0.002358473604544997, 0.0033511437941342592]","[0.0016601562965661287, 0.0]","[0.20000000298023224, 0.20000000298023224]","[-0.6342359185218811, -0.6802862882614136]","[0.0007630586624145508, 8.624792098999023e-05]","[0.0003000000142492354, 0.0003000000142492354]","[47500.87109375, 118196.296875]","[-0.002508082427084446, -0.00125135260168463]","[94015.8203125, 224316.125]"
16384,"[500.0, 500.0]","[-13917.6845703125, -10212.0146484375]","[9.0, 14.0]","[0.00042377470526844263, 0.0027794355992227793]","[0.0, 0.006787109188735485]","[0.20000000298023224, 0.20000000298023224]","[-0.6790152192115784, -0.608252227306366]","[0.00010991096496582031, 0.0005952119827270508]","[0.0003000000142492354, 0.0003000000142492354]","[93668.359375, 36181.9921875]","[-0.000771805236581713, -0.0031285437289625406]","[190137.015625, 83839.1953125]"
18432,"[500.0, 500.0]","[-10016.8369140625, -13810.1298828125]","[14.0, 10.0]","[0.002446764148771763, 0.008156146854162216]","[0.0052246092818677425, 0.02138671837747097]","[0.20000000298023224, 0.20000000298023224]","[-0.5879194736480713, -0.674263060092926]","[0.00023478269577026367, 0.00014507770538330078]","[0.0003000000142492354, 0.0003000000142492354]","[46590.72265625, 89491.6484375]","[-0.0028444791678339243, -0.006088003981858492]","[90455.6328125, 197297.6875]"
20480,"[500.0, 500.0]","[-13681.3095703125, -9873.69921875]","[10.0, 14.0]","[0.0016270213527604938, 0.0008560273563489318]","[0.0, 4.882812572759576e-05]","[0.20000000298023224, 0.20000000298023224]","[-0.6691457629203796, -0.5710052251815796]","[-1.2159347534179688e-05, 0.00028634071350097656]","[0.0003000000142492354, 0.0003000000142492354]","[89944.0703125, 35337.5390625]","[-0.0019288852345198393, -0.000801107962615788]","[190115.078125, 76590.25]"
22528,"[500.0, 500.0]","[-9675.12109375, -13581.1708984375]","[14.0, 10.0]","[0.0005381389637477696, 0.004117636941373348]","[4.882812572759576e-05, 0.0002929687616415322]","[0.20000000298023224, 0.20000000298023224]","[-0.5554157495498657, -0.6642847657203674]","[0.00022429227828979492, 4.839897155761719e-05]","[0.0003000000142492354, 0.0003000000142492354]","[33955.9609375, 90087.5859375]","[-0.0003355971130076796, -0.0016031197737902403]","[74020.0234375, 182214.90625]"
24576,"[500.0, 500.0]","[-13545.666015625, -9595.251953125]","[10.0, 14.0]","[0.0010236527305096388, 0.0004038743209093809]","[0.0, 0.0]","[0.20000000298023224, 0.20000000298023224]","[-0.6612658500671387, -0.5532190799713135]","[0.00014227628707885742, 0.0001398921012878418]","[0.0003000000142492354, 0.0003000000142492354]","[86629.5703125, 29493.595703125]","[-0.0005661600735038519, -0.00027906522154808044]","[169843.890625, 69171.984375]"
26624,"[500.0, 500.0]","[-9506.408203125, -13478.7197265625]","[14.0, 10.0]","[0.0020472491160035133, 0.009595504030585289]","[0.0049804686568677425, 0.02583007887005806]","[0.20000000298023224, 0.20000000298023224]","[-0.5437924265861511, -0.6563221216201782]","[6.41942024230957e-05, 2.7358531951904297e-05]","[0.0003000000142492354, 0.0003000000142492354]","[39030.3203125, 102299.203125]","[-0.001606579520739615, -0.004750778432935476]","[78081.1171875, 189687.421875]"
28672,"[500.0, 500.0]","[-13443.146484375, -9426.6201171875]","[10.0, 14.0]","[0.00225553335621953, 0.0010395117569714785]","[0.0, 0.0001464843808207661]","[0.20000000298023224, 0.20000000298023224]","[-0.658786416053772, -0.5420494675636292]","[1.4483928680419922e-05, 9.459257125854492e-05]","[0.0003000000142492354, 0.0003000000142492354]","[79979.84375, 37833.22265625]","[-0.0005643839831463993, -0.0003774475771933794]","[172015.296875, 73762.0703125]"
30720,"[500.0, 500.0]","[-9358.541015625, -13401.4228515625]","[14.0, 10.0]","[0.0013826938811689615, 0.00017334430594928563]","[0.0015625000232830644, 0.0]","[0.20000000298023224, 0.20000000298023224]","[-0.5335930585861206, -0.657884418964386]","[6.437301635742188e-05, 1.9073486328125e-05]","[0.0003000000142492354, 0.0003000000142492354]","[40243.2890625, 93925.640625]","[-0.0017766529927030206, -0.00041697846609167755]","[72817.9375, 180030.765625]"
32768,"[500.0, 500.0]","[-13383.142578125, -9295.4912109375]","[10.0, 14.0]","[0.006038839928805828, 0.004261902533471584]","[0.0010742187732830644, 0.02495117112994194]","[0.20000000298023224, 0.20000000298023224]","[-0.6556740999221802, -0.5210798978805542]","[1.0728836059570312e-05, 3.534555435180664e-05]","[0.0003000000142492354, 0.0003000000142492354]","[84334.3984375, 31649.056640625]","[-0.0018541044555604458, -0.0035118560772389174]","[181113.515625, 71623.5859375]"
34816,"[500.0, 500.0]","[-9248.568359375, -13366.1708984375]","[14.0, 10.0]","[0.0033051613718271255, 0.0005020542303100228]","[0.01171875, 0.0]","[0.20000000298023224, 0.20000000298023224]","[-0.5141915082931519, -0.6521185040473938]","[3.415346145629883e-05, 1.3530254364013672e-05]","[0.0003000000142492354, 0.0003000000142492354]","[36556.578125, 90847.5078125]","[-0.0023360238410532475, -0.00024717196356505156]","[75284.6640625, 197346.703125]"
36864,"[500.0, 500.0]","[-13357.8916015625, -9191.095703125]","[10.0, 14.0]","[0.00505684781819582, 0.001575242611579597]","[0.00732421875, 0.0014160156715661287]","[0.20000000298023224, 0.20000000298023224]","[-0.641325831413269, -0.508475661277771]","[1.1086463928222656e-05, 3.0100345611572266e-05]","[0.0003000000142492354, 0.0003000000142492354]","[93603.9609375, 32890.578125]","[-0.003233091440051794, -0.001512341434136033]","[179182.03125, 70354.9609375]"
38912,"[500.0, 500.0]","[-9126.947265625, -13312.84765625]","[14.0, 10.0]","[0.0015269977739080787, 0.006875402294099331]","[0.0016113281017169356, 0.004589843563735485]","[0.20000000298023224, 0.20000000298023224]","[-0.4956769049167633, -0.6401572227478027]","[2.3365020751953125e-05, 2.9206275939941406e-06]","[0.0003000000142492354, 0.0003000000142492354]","[40410.6796875, 86872.1875]","[-0.001141024986281991, -0.002758171409368515]","[72637.1875, 175075.71875]"
40960,"[500.0, 500.0]","[-13256.435546875, -9061.5244140625]","[10.0, 14.0]","[0.006851602345705032, 0.003621569601818919]","[0.01718750037252903, 0.01918945275247097]","[0.20000000298023224, 0.20000000298023224]","[-0.6364249587059021, -0.4764708876609802]","[0.00010734796524047852, 9.417533874511719e-06]","[0.0003000000142492354, 0.0003000000142492354]","[85017.9140625, 27744.306640625]","[-0.0036663373466581106, -0.002869327086955309]","[170685.78125, 60958.99609375]"
43008,"[500.0, 500.0]","[-8989.419921875, -13221.21875]","[14.0, 10.0]","[0.0039615631103515625, 0.007613250054419041]","[0.01982421800494194, 0.015429687686264515]","[0.20000000298023224, 0.20000000298023224]","[-0.4778069257736206, -0.6378164887428284]","[1.2695789337158203e-05, 0.00019305944442749023]","[0.0003000000142492354, 0.0003000000142492354]","[31177.86328125, 85436.5859375]","[-0.0021793562918901443, -0.0024201583582907915]","[60484.0546875, 155733.53125]"
45056,"[500.0, 500.0]","[-13213.73828125, -8958.912109375]","[10.0, 14.0]","[0.0014318844769150019, 0.0007193938363343477]","[9.765625145519152e-05, 0.00019531250291038305]","[0.20000000298023224, 0.20000000298023224]","[-0.6394580006599426, -0.468271404504776]","[1.2695789337158203e-05, 1.7523765563964844e-05]","[0.0003000000142492354, 0.0003000000142492354]","[80484.796875, 27973.76171875]","[-0.001862495904788375, -0.0005857422947883606]","[177318.34375, 59919.54296875]"
47104,"[500.0, 500.0]","[-8924.7890625, -13183.0703125]","[14.0, 10.0]","[0.0015307302819564939, 0.0012931185774505138]","[0.0027343749534338713, 0.0008300781482830644]","[0.20000000298023224, 0.20000000298023224]","[-0.45682135224342346, -0.6093117594718933]","[1.0251998901367188e-05, 3.874301910400391e-06]","[0.0003000000142492354, 0.0003000000142492354]","[40532.01171875, 92529.5625]","[-0.001551060820929706, -0.002586058806627989]","[66919.2265625, 179289.703125]"
49152,"[500.0, 500.0]","[-13127.7490234375, -8861.0166015625]","[10.0, 14.0]","[0.0010883884970098734, 0.0038618568796664476]","[9.765625145519152e-05, 0.02065429650247097]","[0.20000000298023224, 0.20000000298023224]","[-0.6021310091018677, -0.45191118121147156]","[-1.33514404296875e-05, 8.64267349243164e-06]","[0.0003000000142492354, 0.0003000000142492354]","[78807.4609375, 32456.99609375]","[-0.0015853192890062928, -0.002210959792137146]","[161269.984375, 62364.55078125]"
51200,"[500.0, 500.0]","[-8731.7880859375, -13045.2890625]","[1.0, 10.0]","[0.001074590953066945, 0.003880577627569437]","[0.0011230468517169356, 0.008056640625]","[0.20000000298023224, 0.20000000298023224]","[-0.43873849511146545, -0.5910562872886658]","[5.364418029785156e-06, 7.152557373046875e-07]","[0.0003000000142492354, 0.0003000000142492354]","[25757.203125, 72688.9765625]","[-0.00123433000408113, -0.0025856723077595234]","[51620.01171875, 141087.4375]"
53248,"[500.0, 500.0]","[-12958.0, -8553.7275390625]","[10.0, 1.0]","[0.003621139097958803, 0.0008162913145497441]","[0.0059570311568677425, 0.000732421875]","[0.20000000298023224, 0.20000000298023224]","[-0.5930330157279968, -0.43305784463882446]","[2.7418136596679688e-06, 5.424022674560547e-06]","[0.0003000000142492354, 0.0003000000142492354]","[63415.8828125, 24561.236328125]","[-0.0015878711128607392, -0.0008472226327285171]","[152761.40625, 54606.78125]"
55296,"[500.0, 500.0]","[-8411.8349609375, -12870.6181640625]","[1.0, 10.0]","[0.0011400713119655848, 0.0013276999816298485]","[0.0007812500116415322, 0.0001464843808207661]","[0.20000000298023224, 0.20000000298023224]","[-0.41642168164253235, -0.5899485945701599]","[1.6093254089355469e-06, 3.516674041748047e-06]","[0.0003000000142492354, 0.0003000000142492354]","[31249.3671875, 73550.75]","[-0.0009593060822226107, -0.0009256916819140315]","[56707.3046875, 146142.484375]"
57344,"[500.0, 500.0]","[-12845.1630859375, -8317.884765625]","[10.0, 1.0]","[0.006713383365422487, 0.0034230549354106188]","[0.02133789099752903, 0.02504882775247097]","[0.20000000298023224, 0.20000000298023224]","[-0.597606360912323, -0.4032873213291168]","[2.9206275939941406e-06, 4.708766937255859e-06]","[0.0003000000142492354, 0.0003000000142492354]","[74182.8515625, 21112.388671875]","[-0.0032989419996738434, -0.003491058712825179]","[162733.859375, 49325.00390625]"
59392,"[500.0, 500.0]","[-8230.052734375, -12704.6201171875]","[2.0, 10.0]","[0.0017282883636653423, 0.000772746279835701]","[0.004931640811264515, 0.0]","[0.20000000298023224, 0.20000000298023224]","[-0.401059627532959, -0.591498613357544]","[3.635883331298828e-06, 5.364418029785156e-07]","[0.0003000000142492354, 0.0003000000142492354]","[20476.447265625, 65077.8359375]","[-0.001402114168740809, -0.0010730341309681535]","[48175.296875, 142530.015625]"
61440,"[500.0, 500.0]","[-12650.5615234375, -8110.81787109375]","[10.0, 2.0]","[0.0025982637889683247, 0.003294045105576515]","[0.0015136718284338713, 0.02524414099752903]","[0.20000000298023224, 0.20000000298023224]","[-0.577793538570404, -0.383436918258667]","[4.76837158203125e-07, 2.205371856689453e-06]","[0.0003000000142492354, 0.0003000000142492354]","[76283.7734375, 23268.830078125]","[-0.0014050218742340803, -0.003973782993853092]","[137589.859375, 56794.3984375]"
63488,"[500.0, 500.0]","[-8056.32666015625, -12604.15234375]","[2.0, 10.0]","[0.001970806624740362, 0.002970930887386203]","[0.007080078125, 0.0]","[0.20000000298023224, 0.20000000298023224]","[-0.3870200514793396, -0.5807875394821167]","[3.814697265625e-06, 2.384185791015625e-07]","[0.0003000000142492354, 0.0003000000142492354]","[19622.58203125, 73974.890625]","[-0.0014717532321810722, -0.001164624816738069]","[41962.921875, 138283.046875]"
65536,"[500.0, 500.0]","[-12539.7060546875, -7972.595703125]","[10.0, 2.0]","[0.0012617678148671985, 0.0015192723367363214]","[0.0006347656017169356, 0.0044921874068677425]","[0.20000000298023224, 0.20000000298023224]","[-0.568674623966217, -0.37957510352134705]","[4.172325134277344e-07, 1.0132789611816406e-06]","[0.0003000000142492354, 0.0003000000142492354]","[81983.5078125, 28306.673828125]","[-0.0014767252141609788, -0.0023630980867892504]","[167673.40625, 54785.921875]"
67584,"[500.0, 500.0]","[-12479.2744140625, -7931.35400390625]","[10.0, 2.0]","[0.005121343769133091, 0.0023813932202756405]","[0.0044921874068677425, 0.01748046837747097]","[0.20000000298023224, 0.20000000298023224]","[-0.5650104284286499, -0.35854628682136536]","[-1.1920928955078125e-07, 3.0994415283203125e-06]","[0.0003000000142492354, 0.0003000000142492354]","[67570.375, 22355.12109375]","[-0.0017824642127379775, -0.0025764440651983023]","[152137.75, 48237.015625]"
69632,"[500.0, 500.0]","[-7878.806640625, -12435.626953125]","[2.0, 10.0]","[0.0027722041122615337, 0.0021070879884064198]","[0.03041992150247097, 0.0]","[0.20000000298023224, 0.20000000298023224]","[-0.35163891315460205, -0.5468593835830688]","[2.0265579223632812e-06, 2.6226043701171875e-06]","[0.0003000000142492354, 0.0003000000142492354]","[20143.486328125, 66581.34375]","[-0.003315522102639079, -0.0008444158593192697]","[47408.89453125, 129560.21875]"
71680,"[500.0, 500.0]","[-12378.2802734375, -7834.57861328125]","[10.0, 2.0]","[0.004357836674898863, 0.0023768795654177666]","[0.0059570311568677425, 0.01933593675494194]","[0.20000000298023224, 0.20000000298023224]","[-0.5570473074913025, -0.34265851974487305]","[0.0, 1.430511474609375e-06]","[0.0003000000142492354, 0.0003000000142492354]","[66986.5546875, 18965.17578125]","[-0.001561600947752595, -0.0017064078710973263]","[137152.796875, 43230.59765625]"
73728,"[500.0, 500.0]","[-7765.427734375, -12316.314453125]","[2.0, 10.0]","[0.0004116978379897773, 0.0037060619797557592]","[0.0, 0.0040527344681322575]","[0.20000000298023224, 0.20000000298023224]","[-0.3511791229248047, -0.5467214584350586]","[1.430511474609375e-06, 3.5762786865234375e-07]","[0.0003000000142492354, 0.0003000000142492354]","[18676.328125, 54294.25]","[-0.00020028877770528197, -0.0010405308566987514]","[42171.80078125, 122271.3515625]"
75776,"[500.0, 500.0]","[-12226.158203125, -7704.17431640625]","[10.0, 2.0]","[0.0017940348479896784, 0.0015421981224790215]","[0.0012695312034338713, 0.008496093563735485]","[0.20000000298023224, 0.20000000298023224]","[-0.5547407269477844, -0.34120744466781616]","[-1.1920928955078125e-06, 1.8477439880371094e-06]","[0.0003000000142492354, 0.0003000000142492354]","[61867.171875, 16352.033203125]","[-0.0008781165233813226, -0.0019137938506901264]","[123723.09375, 37689.0546875]"
77824,"[500.0, 500.0]","[-7659.76708984375, -12186.22265625]","[2.0, 10.0]","[0.001229138346388936, 0.0009007491753436625]","[0.005322265438735485, 0.0]","[0.20000000298023224, 0.20000000298023224]","[-0.32508376240730286, -0.5474712252616882]","[1.1920928955078125e-06, 6.556510925292969e-07]","[0.0003000000142492354, 0.0003000000142492354]","[20077.0703125, 52857.9609375]","[-0.001556267379783094, -0.0008539626142010093]","[39601.89453125, 115022.3359375]"
79872,"[500.0, 500.0]","[-12109.791015625, -7615.58349609375]","[10.0, 2.0]","[0.0032713005784898996, 0.0031385570764541626]","[0.00839843787252903, 0.01552734337747097]","[0.20000000298023224, 0.20000000298023224]","[-0.5383198261260986, -0.32847219705581665]","[5.364418029785156e-07, 6.556510925292969e-07]","[0.0003000000142492354, 0.0003000000142492354]","[55985.03515625, 24312.451171875]","[-0.001876666909083724, -0.0016133567551150918]","[114299.3984375, 42176.375]"
81920,"[500.0, 500.0]","[-7581.09521484375, -12067.7763671875]","[2.0, 10.0]","[0.001003064913675189, 0.002263581147417426]","[0.0018554687267169356, 0.0003417968691792339]","[0.20000000298023224, 0.20000000298023224]","[-0.3156353235244751, -0.5436643958091736]","[7.748603820800781e-07, 1.430511474609375e-06]","[0.0003000000142492354, 0.0003000000142492354]","[22391.12109375, 75701.8046875]","[-0.0007139411172829568, -0.0008364137029275298]","[46402.75390625, 139180.5625]"
83968,"[500.0, 500.0]","[-11997.0126953125, -7512.74462890625]","[10.0, 2.0]","[0.006032140925526619, 0.000788436271250248]","[0.03574218600988388, 0.003662109375]","[0.20000000298023224, 0.20000000298023224]","[-0.5405659675598145, -0.308644562959671]","[1.7285346984863281e-06, 4.76837158203125e-07]","[0.0003000000142492354, 0.0003000000142492354]","[59984.48828125, 19419.703125]","[-0.0026899396907538176, -0.0011877178912982345]","[120595.5703125, 39814.30078125]"
86016,"[500.0, 500.0]","[-7469.43603515625, -11945.04296875]","[2.0, 10.0]","[0.001785576343536377, 0.0040454077534377575]","[0.01088867150247097, 0.004150390625]","[0.20000000298023224, 0.20000000298023224]","[-0.30385249853134155, -0.5418925285339355]","[5.960464477539062e-07, 2.6047229766845703e-05]","[0.0003000000142492354, 0.0003000000142492354]","[19342.810546875, 62204.19140625]","[-0.0008095264784060419, -0.0018487906781956553]","[38285.44140625, 127874.9375]"
88064,"[500.0, 500.0]","[-11925.576171875, -7412.1279296875]","[10.0, 2.0]","[0.003286279272288084, 0.0016320267459377646]","[0.0047851563431322575, 0.0040039061568677425]","[0.20000000298023224, 0.20000000298023224]","[-0.525323748588562, -0.30046775937080383]","[-2.384185791015625e-07, 5.364418029785156e-07]","[0.0003000000142492354, 0.0003000000142492354]","[65723.5703125, 19178.83203125]","[-0.0018865200690925121, -0.0012306073913350701]","[143250.453125, 41320.66796875]"
90112,"[500.0, 500.0]","[-7382.13232421875, -11889.4775390625]","[2.0, 10.0]","[0.0014467451255768538, 0.004574742168188095]","[0.0037109374534338713, 0.01821289025247097]","[0.20000000298023224, 0.20000000298023224]","[-0.28561797738075256, -0.5154018998146057]","[8.344650268554688e-07, -5.960464477539062e-07]","[0.0003000000142492354, 0.0003000000142492354]","[19526.37890625, 68614.421875]","[-0.001203828607685864, -0.002431487897410989]","[36708.0078125, 135167.09375]"
92160,"[500.0, 500.0]","[-11844.0283203125, -7363.623046875]","[10.0, 2.0]","[0.002108397427946329, 0.0018676270265132189]","[0.004931640811264515, 0.009228515438735485]","[0.20000000298023224, 0.20000000298023224]","[-0.4989430904388428, -0.2770673632621765]","[0.0, 2.980232238769531e-07]","[0.0003000000142492354, 0.0003000000142492354]","[58290.28125, 18886.0234375]","[-0.002829531906172633, -0.0012035700492560863]","[128847.296875, 40382.78125]"
94208,"[500.0, 500.0]","[-7329.86083984375, -11800.6376953125]","[2.0, 10.0]","[0.0022906488738954067, 0.004250857979059219]","[0.02099609375, 0.009082031436264515]","[0.20000000298023224, 0.20000000298023224]","[-0.2766653299331665, -0.4966803789138794]","[4.76837158203125e-07, 2.980232238769531e-07]","[0.0003000000142492354, 0.0003000000142492354]","[16306.12109375, 62405.0]","[-0.0023489175364375114, -0.0019336424302309752]","[37200.3984375, 119333.1875]"
96256,"[500.0, 500.0]","[-11737.224609375, -7279.6044921875]","[10.0, 2.0]","[0.0018470819341018796, 0.001465313951484859]","[0.0040527344681322575, 0.005908203311264515]","[0.20000000298023224, 0.20000000298023224]","[-0.4846113324165344, -0.2638300359249115]","[1.7881393432617188e-07, 2.980232238769531e-07]","[0.0003000000142492354, 0.0003000000142492354]","[64634.46484375, 18351.177734375]","[-0.002039385261014104, -0.0016612979816272855]","[120734.3359375, 40908.3046875]"
98304,"[500.0, 500.0]","[-7253.234375, -11676.802734375]","[2.0, 10.0]","[0.001765181077644229, 0.005259503610432148]","[0.011181640438735485, 0.03134765475988388]","[0.20000000298023224, 0.20000000298023224]","[-0.2639023959636688, -0.4800037145614624]","[1.7881393432617188e-07, 1.7881393432617188e-07]","[0.0003000000142492354, 0.0003000000142492354]","[21611.71484375, 55391.109375]","[-0.0012835897505283356, -0.0029706936329603195]","[38344.09765625, 113512.9375]"
100352,"[500.0, 500.0]","[-11632.498046875, -7252.0498046875]","[10.0, 2.0]","[0.0025478187017142773, 0.0032650227658450603]","[0.00888671912252903, 0.00966796837747097]","[0.20000000298023224, 0.20000000298023224]","[-0.4788174033164978, -0.2723259925842285]","[1.1920928955078125e-07, 2.980232238769531e-07]","[0.0003000000142492354, 0.0003000000142492354]","[43855.328125, 20188.82421875]","[-0.0008154349052347243, -0.0025912970304489136]","[100111.5, 36818.81640625]"
102400,"[500.0, 500.0]","[-7218.685546875, -11637.86328125]","[2.0, 10.0]","[0.0014036952052265406, 0.001818314427509904]","[0.00815429724752903, 0.00537109375]","[0.20000000298023224, 0.20000000298023224]","[-0.2577536106109619, -0.49407702684402466]","[0.0, 1.7881393432617188e-07]","[0.0003000000142492354, 0.0003000000142492354]","[17005.361328125, 53135.68359375]","[-0.001372113125398755, -0.0017271788092330098]","[40564.17578125, 115654.234375]"
104448,"[500.0, 500.0]","[-11595.98828125, -7185.1279296875]","[10.0, 2.0]","[0.0010463772341609001, 0.0015907780034467578]","[0.0003906250058207661, 0.01328125037252903]","[0.20000000298023224, 0.20000000298023224]","[-0.48638057708740234, -0.2518283426761627]","[2.384185791015625e-07, 1.1920928955078125e-07]","[0.0003000000142492354, 0.0003000000142492354]","[64581.63671875, 15927.14453125]","[-0.0006602595094591379, -0.0019330158829689026]","[129882.3515625, 32916.97265625]"
106496,"[500.0, 500.0]","[-7159.87158203125, -11552.7255859375]","[2.0, 10.0]","[0.001682256581261754, 0.000584913999773562]","[0.00917968712747097, 4.882812572759576e-05]","[0.20000000298023224, 0.20000000298023224]","[-0.24977347254753113, -0.4674694538116455]","[1.1920928955078125e-07, 5.960464477539063e-08]","[0.0003000000142492354, 0.0003000000142492354]","[19033.548828125, 49987.546875]","[-0.0014971974305808544, -0.000713843444827944]","[32739.646484375, 111827.359375]"
108544,"[500.0, 500.0]","[-11505.6943359375, -7120.02880859375]","[10.0, 2.0]","[0.003024214645847678, 0.000712607754394412]","[0.0069335936568677425, 0.0003417968691792339]","[0.20000000298023224, 0.20000000298023224]","[-0.4827952980995178, -0.2509894073009491]","[5.960464477539062e-07, 1.7881393432617188e-07]","[0.0003000000142492354, 0.0003000000142492354]","[59064.69921875, 14762.5791015625]","[-0.0014190936926752329, -0.00017291239055339247]","[112976.1171875, 32690.2265625]"
110592,"[500.0, 500.0]","[-7115.361328125, -11508.4482421875]","[2.0, 10.0]","[0.0017867300193756819, 0.0058222864754498005]","[0.009228515438735485, 0.063232421875]","[0.20000000298023224, 0.20000000298023224]","[-0.24397186934947968, -0.4656008780002594]","[2.384185791015625e-07, 3.5762786865234375e-07]","[0.0003000000142492354, 0.0003000000142492354]","[18221.087890625, 54126.82421875]","[-0.0018343477277085185, -0.005477162078022957]","[32965.625, 107507.171875]"
112640,"[500.0, 500.0]","[-11456.04296875, -7114.9365234375]","[10.0, 2.0]","[0.0010645731817930937, 0.002487577497959137]","[0.000244140625, 0.014404296875]","[0.20000000298023224, 0.20000000298023224]","[-0.45680680871009827, -0.24029840528964996]","[1.7881393432617188e-07, 1.1920928955078125e-07]","[0.0003000000142492354, 0.0003000000142492354]","[47813.86328125, 14477.291015625]","[-0.0016419533640146255, -0.0021671445574611425]","[114937.6171875, 31904.748046875]"
114688,"[500.0, 500.0]","[-7070.55078125, -11486.3046875]","[2.0, 10.0]","[0.0014211833477020264, 0.0026677818968892097]","[0.01547851599752903, 0.0016601562965661287]","[0.20000000298023224, 0.20000000298023224]","[-0.23734033107757568, -0.4548831284046173]","[2.384185791015625e-07, 5.960464477539063e-08]","[0.0003000000142492354, 0.0003000000142492354]","[19594.693359375, 58902.5390625]","[-0.0017556861275807023, -0.0006859704153612256]","[37495.90625, 102429.53125]"
116736,"[500.0, 500.0]","[-11474.7412109375, -7071.3310546875]","[10.0, 2.0]","[0.0011952219065278769, 0.001928953337483108]","[0.0015625000232830644, 0.01206054724752903]","[0.20000000298023224, 0.20000000298023224]","[-0.4501132667064667, -0.23433583974838257]","[-1.1920928955078125e-07, 1.7881393432617188e-07]","[0.0003000000142492354, 0.0003000000142492354]","[81758.0078125, 12125.30078125]","[-0.0005416428903117776, -0.0014806002145633101]","[142428.03125, 25805.27734375]"
118784,"[500.0, 500.0]","[-7059.6923828125, -11458.8271484375]","[3.0, 10.0]","[0.000911814859136939, 0.0027696900069713593]","[0.0028320313431322575, 0.0074218749068677425]","[0.20000000298023224, 0.20000000298023224]","[-0.23628588020801544, -0.46231600642204285]","[1.1920928955078125e-07, 0.0]","[0.0003000000142492354, 0.0003000000142492354]","[17287.244140625, 72774.640625]","[-0.001037921174429357, -0.0022071837447583675]","[41731.796875, 128027.40625]"
120832,"[500.0, 500.0]","[-11447.4443359375, -7059.7060546875]","[11.0, 2.0]","[0.0029584532603621483, 0.0021768929436802864]","[0.012255859561264515, 0.01513671875]","[0.20000000298023224, 0.20000000298023224]","[-0.461883008480072, -0.24547983705997467]","[0.0, 0.0]","[0.0003000000142492354, 0.0003000000142492354]","[52141.22265625, 12233.0029296875]","[-0.0028656546492129564, -0.0014971235068514943]","[105842.0546875, 33058.55859375]"
122880,"[500.0, 500.0]","[-7063.123046875, -11427.9501953125]","[2.0, 11.0]","[0.000518855988048017, 0.0017727544764056802]","[0.0020019530784338713, 0.00830078125]","[0.20000000298023224, 0.20000000298023224]","[-0.23815928399562836, -0.4827594757080078]","[0.0, 0.0]","[0.0003000000142492354, 0.0003000000142492354]","[16462.970703125, 53309.828125]","[-0.0006187066901475191, -0.0018948530778288841]","[33707.54296875, 101979.6171875]"
124928,500.0,-11425.9853515625,11.0,0.0032394430600106716,0.0087890625,0.20000000298023224,-0.4695444703102112,3.5762786865234375e-07,0.0003000000142492354,43544.28515625,-0.0013471718411892653,89204.4609375
126976,500.0,-11415.3974609375,11.0,0.0006039742147549987,0.0002929687616415322,0.20000000298023224,-0.4625902771949768,1.1920928955078125e-07,0.0003000000142492354,50328.796875,-0.0006113381823524833,104898.2578125
129024,500.0,-11394.77734375,11.0,0.002989846281707287,0.01430664025247097,0.20000000298023224,-0.455040842294693,1.4483928680419922e-05,0.0003000000142492354,41569.62890625,-0.002159588737413287,91440.6328125
131072,500.0,-11371.154296875,11.0,0.0011746669188141823,0.0006347656017169356,0.20000000298023224,-0.4596255421638489,6.496906280517578e-06,0.0003000000142492354,46624.1640625,-0.0008449621382169425,91979.40625
133120,500.0,-11338.1982421875,11.0,0.0037123318761587143,0.01704101637005806,0.20000000298023224,-0.44514933228492737,-1.1920928955078125e-07,0.0003000000142492354,52012.93359375,-0.005061033181846142,98855.8203125
135168,500.0,-11363.130859375,11.0,0.001108593656681478,4.882812572759576e-05,0.20000000298023224,-0.43667885661125183,1.1920928955078125e-07,0.0003000000142492354,54241.484375,-0.0006462344317696989,103846.296875
137216,500.0,-11308.689453125,11.0,0.0012734188931062818,0.000244140625,0.20000000298023224,-0.44440844655036926,2.980232238769531e-07,0.0003000000142492354,53331.0078125,-0.000876581878401339,113086.328125
139264,500.0,-11285.66796875,11.0,0.0016861611511558294,0.0045410157181322575,0.20000000298023224,-0.4561080038547516,-1.1920928955078125e-06,0.0003000000142492354,43878.796875,-0.0020949016325175762,96119.671875
141312,500.0,-11259.240234375,11.0,0.0018675883766263723,0.0024902343284338713,0.20000000298023224,-0.44457367062568665,-2.384185791015625e-07,0.0003000000142492354,50620.29296875,-0.0022172327153384686,104874.6015625
143360,500.0,-11244.0458984375,11.0,0.003478584811091423,0.01416015625,0.20000000298023224,-0.43934106826782227,1.1920928955078125e-07,0.0003000000142492354,40528.07421875,-0.0012346281437203288,93029.3828125
145408,500.0,-11192.7333984375,11.0,0.004118067678064108,0.02446288987994194,0.20000000298023224,-0.4469537138938904,0.0,0.0003000000142492354,48676.1328125,-0.002522961236536503,86220.84375
147456,500.0,-11229.744140625,11.0,0.0020450796000659466,0.0025390624068677425,0.20000000298023224,-0.4438152313232422,0.0,0.0003000000142492354,39750.68359375,-0.001855472568422556,85808.78125
149504,500.0,-11214.013671875,11.0,0.0011543614091351628,0.0005859375232830644,0.20000000298023224,-0.4408535957336426,-1.1920928955078125e-07,0.0003000000142492354,50098.08203125,-0.0007806645007804036,100362.0
151552,500.0,-11200.8203125,11.0,0.0020301342010498047,0.0044921874068677425,0.20000000298023224,-0.4322798252105713,2.980232238769531e-07,0.0003000000142492354,33537.046875,-0.0024154444690793753,80897.1484375
153600,500.0,-11173.92578125,11.0,0.0029366621747612953,0.02099609375,0.20000000298023224,-0.4193495810031891,0.0,0.0003000000142492354,47514.6328125,-0.0023386250250041485,97553.421875
155648,500.0,-11176.119140625,11.0,0.0020401289220899343,0.01796874962747097,0.20000000298023224,-0.41959381103515625,1.7881393432617188e-07,0.0003000000142492354,38837.96484375,-0.002306019887328148,88327.4140625
157696,500.0,-11149.861328125,11.0,0.0030588423833251,0.02426757849752903,0.20000000298023224,-0.42260047793388367,-1.1920928955078125e-07,0.0003000000142492354,41606.76953125,-0.0038651612121611834,91376.2109375
159744,500.0,-11133.5654296875,11.0,0.0015283306129276752,0.0038085938431322575,0.20000000298023224,-0.41073352098464966,5.960464477539063e-08,0.0003000000142492354,44325.3359375,-0.001255959039554,89379.5625
161792,500.0,-11113.763671875,11.0,0.0016387166688218713,0.0068359375,0.20000000298023224,-0.40432053804397583,5.960464477539063e-08,0.0003000000142492354,39519.16015625,-0.0018679231870919466,86210.9296875
163840,500.0,-11116.3798828125,11.0,0.0006576464511454105,0.0007812500116415322,0.20000000298023224,-0.4155100882053375,0.0,0.0003000000142492354,48639.6796875,-0.0007505461107939482,104111.7734375
165888,500.0,-11094.76953125,11.0,0.001507031382061541,0.0016601562965661287,0.20000000298023224,-0.3940618634223938,-1.1920928955078125e-07,0.0003000000142492354,42132.921875,-0.0006232141749933362,89392.171875
167936,500.0,-11051.9287109375,11.0,0.0008610393269918859,0.0028320313431322575,0.20000000298023224,-0.4097435772418976,-1.1920928955078125e-07,0.0003000000142492354,60720.625,-0.001244369545020163,98411.96875
169984,500.0,-11023.33203125,11.0,0.0015175817534327507,0.004345702938735485,0.20000000298023224,-0.4058038294315338,0.0,0.0003000000142492354,35947.61328125,-0.0019861003383994102,83334.984375
172032,500.0,-11027.4931640625,11.0,0.0016410723328590393,0.003955078311264515,0.20000000298023224,-0.39931824803352356,5.960464477539063e-08,0.0003000000142492354,35465.48828125,-0.0004954546457156539,79513.1328125
174080,500.0,-11021.2236328125,11.0,0.0009879744611680508,0.0004394531133584678,0.20000000298023224,-0.4016421437263489,-1.1920928955078125e-07,0.0003000000142492354,35331.41796875,-0.0009331023902632296,75613.421875
176128,500.0,-10980.015625,11.0,0.0015612735878676176,0.0033203125931322575,0.20000000298023224,-0.4049232304096222,0.0,0.0003000000142492354,45755.90234375,-0.0011213988764211535,84204.265625
178176,500.0,-10991.0537109375,11.0,0.001897052163258195,0.007519531063735485,0.20000000298023224,-0.4106963276863098,-1.1920928955078125e-07,0.0003000000142492354,37139.640625,-0.0017455538036301732,68930.9375
180224,500.0,-10981.6142578125,11.0,0.0010295517276972532,0.004345702938735485,0.20000000298023224,-0.4002942740917206,-2.384185791015625e-07,0.0003000000142492354,46083.3046875,-0.00169172917958349,86072.0390625
182272,500.0,-10970.537109375,11.0,0.001525234431028366,0.0019042969215661287,0.20000000298023224,-0.39874905347824097,-1.1920928955078125e-07,0.0003000000142492354,40681.2109375,-0.0005353934830054641,85786.9765625
184320,500.0,-10936.2626953125,11.0,0.0019123796373605728,0.0074707032181322575,0.20000000298023224,-0.4090670943260193,-8.344650268554688e-07,0.0003000000142492354,40069.76171875,-0.002083208179101348,73879.7734375
186368,500.0,-10917.55078125,11.0,0.002779318019747734,0.01743164099752903,0.20000000298023224,-0.3907363712787628,0.0,0.0003000000142492354,34033.99609375,-0.0017819117056205869,81366.9921875
188416,500.0,-10861.6142578125,11.0,0.0020491136237978935,0.008593750186264515,0.20000000298023224,-0.39705514907836914,1.1920928955078125e-07,0.0003000000142492354,34682.51953125,-0.0014711803523823619,80135.234375
190464,500.0,-10875.6806640625,11.0,0.004449199885129929,0.04985351487994194,0.20000000298023224,-0.38751670718193054,1.1920928955078125e-07,0.0003000000142492354,30017.771484375,-0.0045960405841469765,61643.97265625
192512,500.0,-10838.6767578125,11.0,0.0026527545414865017,0.008837890811264515,0.20000000298023224,-0.3910190165042877,0.0,0.0003000000142492354,40522.2890625,-0.0014763337094336748,81772.7890625
194560,500.0,-10812.8642578125,11.0,0.0006374668446369469,0.0045410157181322575,0.20000000298023224,-0.3749178647994995,1.1920928955078125e-07,0.0003000000142492354,24749.193359375,-0.0008728629909455776,65858.5078125
196608,500.0,-10772.6494140625,11.0,0.0018974489066749811,0.02011718787252903,0.20000000298023224,-0.3766087293624878,0.0,0.0003000000142492354,32134.12109375,-0.0023452844470739365,63945.22265625
198656,500.0,-10779.810546875,11.0,0.0030163403134793043,0.03676757961511612,0.20000000298023224,-0.36210623383522034,-1.1920928955078125e-07,0.0003000000142492354,28486.6796875,-0.004115452989935875,62874.59375
200704,500.0,-10774.2568359375,11.0,0.0034218309447169304,0.0361328125,0.20000000298023224,-0.3709426820278168,1.7881393432617188e-07,0.0003000000142492354,26518.966796875,-0.003907015547156334,69963.0859375
